{
    "Headline": {
        "EffectiveDate": "2020-03-15T08:00:00-04:00",
        "EffectiveEpochDate": 1584273600,
        "Severity": 5,
        "Text": "Rain tomorrow morning",
        "Category": "rain",
        "EndDate": "2020-03-15T14:00:00-04:00",
        "EndEpochDate": 1584295200,
        "MobileLink": "http://m.accuweather.com/en/us/charlotte-nc/28202/extended-weather-forecast/349818?lang=en-us",
        "Link": "http://www.accuweather.com/en/us/charlotte-nc/28202/daily-weather-forecast/349818?lang=en-us"
    },
    "DailyForecasts": [
        {
            "Date": "2020-03-14T07:00:00-04:00",
            "EpochDate": 1584183600,
            "Temperature": {
                "Minimum": {
                    "Value": 52.0,
                    "Unit": "F",
                    "UnitType": 18
                },
                "Maximum": {
                    "Value": 65.0,
                    "Unit": "F",
                    "UnitType": 18
                }
            },
            "Day": {
                "Icon": 7,
                "IconPhrase": "Cloudy",
                "HasPrecipitation": false
            },
            "Night": {
                "Icon": 7,
                "IconPhrase": "Cloudy",
                "HasPrecipitation": false
            },
            "Sources": [
                "AccuWeather"
            ],
            "MobileLink": "http://m.accuweather.com/en/us/charlotte-nc/28202/daily-weather-forecast/349818?day=1&lang=en-us",
            "Link": "http://www.accuweather.com/en/us/charlotte-nc/28202/daily-weather-forecast/349818?day=1&lang=en-us"
        },
        {
            "Date": "2020-03-15T07:00:00-04:00",
            "EpochDate": 1584270000,
            "Temperature": {
                "Minimum": {
                    "Value": 44.0,
                    "Unit": "F",
                    "UnitType": 18
                },
                "Maximum": {
                    "Value": 57.0,
                    "Unit": "F",
                    "UnitType": 18
                }
            },
            "Day": {
                "Icon": 18,
                "IconPhrase": "Rain",
                "HasPrecipitation": true,
                "PrecipitationType": "Rain",
                "PrecipitationIntensity": "Light"
            },
            "Night": {
                "Icon": 18,
                "IconPhrase": "Rain",
                "HasPrecipitation": true,
                "PrecipitationType": "Rain",
                "PrecipitationIntensity": "Light"
            },
            "Sources": [
                "AccuWeather"
            ],
            "MobileLink": "http://m.accuweather.com/en/us/charlotte-nc/28202/daily-weather-forecast/349818?day=2&lang=en-us",
            "Link": "http://www.accuweather.com/en/us/charlotte-nc/28202/daily-weather-forecast/349818?day=2&lang=en-us"
        },
        {
            "Date": "2020-03-16T07:00:00-04:00",
            "EpochDate": 1584356400,
            "Temperature": {
                "Minimum": {
                    "Value": 46.0,
                    "Unit": "F",
                    "UnitType": 18
                },
                "Maximum": {
                    "Value": 54.0,
                    "Unit": "F",
                    "UnitType": 18
                }
            },
            "Day": {
                "Icon": 6,
                "IconPhrase": "Mostly cloudy",
                "HasPrecipitation": false
            },
            "Night": {
                "Icon": 12,
                "IconPhrase": "Showers",
                "HasPrecipitation": true,
                "PrecipitationType": "Rain",
                "PrecipitationIntensity": "Light"
            },
            "Sources": [
                "AccuWeather"
            ],
            "MobileLink": "http://m.accuweather.com/en/us/charlotte-nc/28202/daily-weather-forecast/349818?day=3&lang=en-us",
            "Link": "http://www.accuweather.com/en/us/charlotte-nc/28202/daily-weather-forecast/349818?day=3&lang=en-us"
        },
        {
            "Date": "2020-03-17T07:00:00-04:00",
            "EpochDate": 1584442800,
            "Temperature": {
                "Minimum": {
                    "Value": 51.0,
                    "Unit": "F",
                    "UnitType": 18
                },
                "Maximum": {
                    "Value": 64.0,
                    "Unit": "F",
                    "UnitType": 18
                }
            },
            "Day": {
                "Icon": 12,
                "IconPhrase": "Showers",
                "HasPrecipitation": true,
                "PrecipitationType": "Rain",
                "PrecipitationIntensity": "Light"
            },
            "Night": {
                "Icon": 36,
                "IconPhrase": "Intermittent clouds",
                "HasPrecipitation": false
            },
            "Sources": [
                "AccuWeather"
            ],
            "MobileLink": "http://m.accuweather.com/en/us/charlotte-nc/28202/daily-weather-forecast/349818?day=4&lang=en-us",
            "Link": "http://www.accuweather.com/en/us/charlotte-nc/28202/daily-weather-forecast/349818?day=4&lang=en-us"
        },
        {
            "Date": "2020-03-18T07:00:00-04:00",
            "EpochDate": 1584529200,
            "Temperature": {
                "Minimum": {
                    "Value": 48.0,
                    "Unit": "F",
                    "UnitType": 18
                },
                "Maximum": {
                    "Value": 65.0,
                    "Unit": "F",
                    "UnitType": 18
                }
            },
            "Day": {
                "Icon": 6,
                "IconPhrase": "Mostly cloudy",
                "HasPrecipitation": false
            },
            "Night": {
                "Icon": 12,
                "IconPhrase": "Showers",
                "HasPrecipitation": true,
                "PrecipitationType": "Rain",
                "PrecipitationIntensity": "Light"
            },
            "Sources": [
                "AccuWeather"
            ],
            "MobileLink": "http://m.accuweather.com/en/us/charlotte-nc/28202/daily-weather-forecast/349818?day=5&lang=en-us",
            "Link": "http://www.accuweather.com/en/us/charlotte-nc/28202/daily-weather-forecast/349818?day=5&lang=en-us"
        }
    ]
}