{
  "project_info": {
    "project_number": "185120460649",
    "firebase_url": "https://inclass11bypjani.firebaseio.com",
    "project_id": "inclass11bypjani",
    "storage_bucket": "inclass11bypjani.appspot.com"
  },
  "client": [
    {
      "client_info": {
        "mobilesdk_app_id": "1:185120460649:android:45074007272c96bd7c77f8",
        "android_client_info": {
          "package_name": "com.example.inclass11"
        }
      },
      "oauth_client": [
        {
          "client_id": "185120460649-d0hh17n5i6tegg3elef6as3ju79g2bd8.apps.googleusercontent.com",
          "client_type": 3
        }
      ],
      "api_key": [
        {
          "current_key": "AIzaSyCW05vH_JGd1s2N1zICeY_LqVr2WIeJpLU"
        }
      ],
      "services": {
        "appinvite_service": {
          "other_platform_oauth_client": [
            {
              "client_id": "185120460649-d0hh17n5i6tegg3elef6as3ju79g2bd8.apps.googleusercontent.com",
              "client_type": 3
            }
          ]
        }
      }
    }
  ],
  "configuration_version": "1"
}